dir	file	create	delete	write	read	cd	list	rename	chmod
000	000	-	-	-	-	-	-	-	-
000	100	-	-	-	-	-	-	-	-
000	200	-	-	-	-	-	-	-	-
000	300	-	-	-	-	-	-	-	-
000	400	-	-	-	-	-	-	-	-
000	500	-	-	-	-	-	-	-	-
000	600	-	-	-	-	-	-	-	-
000	700	-	-	-	-	-	-	-	-
100	000	-	-	-	-	+	-	-	+
100	100	-	-	-	-	+	-	-	+
100	200	-	-	+	-	+	-	-	+
100	300	-	-	+	-	+	-	-	+
100	400	-	-	-	+	+	-	-	+
100	500	-	-	-	+	+	-	-	+
100	600	-	-	+	+	+	-	-	+
100	700	-	-	+	+	+	-	-	+
200	000	-	-	-	-	-	-	-	-
200	100	-	-	-	-	-	-	-	-
200	200	-	-	-	-	-	-	-	-
200	300	-	-	-	-	-	-	-	-
200	400	-	-	-	-	-	-	-	-
200	500	-	-	-	-	-	-	-	-
200	600	-	-	-	-	-	-	-	-
200	700	-	-	-	-	-	-	-	-
300	000	+	+	-	-	+	-	+	+
300	100	+	+	-	-	+	-	+	+
300	200	+	+	+	-	+	-	+	+
300	300	+	+	+	-	+	-	+	+
300	400	+	+	-	+	+	-	+	+
300	500	+	+	-	+	+	-	+	+
300	600	+	+	+	+	+	-	+	+
300	700	+	+	+	+	+	-	+	+
400	000	-	-	-	-	-	+	-	-
400	100	-	-	-	-	-	+	-	-
400	200	-	-	-	-	-	+	-	-
400	300	-	-	-	-	-	+	-	-
400	400	-	-	-	-	-	+	-	-
400	500	-	-	-	-	-	+	-	-
400	600	-	-	-	-	-	+	-	-
400	700	-	-	-	-	-	+	-	-
500	000	-	-	-	-	+	+	-	+
500	100	-	-	-	-	+	+	-	+
500	200	-	-	+	-	+	+	-	+
500	300	-	-	+	-	+	+	-	+
500	400	-	-	-	+	+	+	-	+
500	500	-	-	-	+	+	+	-	+
500	600	-	-	+	+	+	+	-	+
500	700	-	-	+	+	+	+	-	+
600	000	-	-	-	-	-	+	-	-
600	100	-	-	-	-	-	+	-	-
600	200	-	-	-	-	-	+	-	-
600	300	-	-	-	-	-	+	-	-
600	400	-	-	-	-	-	+	-	-
600	500	-	-	-	-	-	+	-	-
600	600	-	-	-	-	-	+	-	-
600	700	-	-	-	-	-	+	-	-
700	000	+	+	-	-	+	+	+	+
700	100	+	+	-	-	+	+	+	+
700	200	+	+	+	-	+	+	+	+
700	300	+	+	+	-	+	+	+	+
700	400	+	+	-	+	+	+	+	+
700	500	+	+	-	+	+	+	+	+
700	600	+	+	+	+	+	+	+	+
700	700	+	+	+	+	+	+	+	+
